<?xml version="1.0"?>
<!DOCTYPE module PUBLIC
    "-//Puppy Crawl//DTD Check Configuration 1.3//EN"
    "http://checkstyle.sourceforge.net/dtds/configuration_1_3.dtd">

<module name="Checker">
	<module name="LineLength">
		<property name="max" value="100"/>
	</module>
    <module name="TreeWalker">
        <module name="JavadocType"/>
        <module name="JavadocMethod"/>
        <module name="JavadocVariable"/>
        <module name="JavadocStyle"/>
        <module name="MethodLength"/>
    </module>
</module>
